{"player":{"position":{"x":-0.08803311735391617,"y":4.0743632316589359,"z":0.0},"coin":1},"blocks":[],"coins":[]}